{"cameraMode":{"drawMode":0,"name":"Shaded","section":"Shading Mode"},"sceneLighting":true,"audioPlay":false,"sceneViewState":{"m_AlwaysRefresh":false,"showFog":true,"showSkybox":true,"showFlares":true,"showImageEffects":true,"showParticleSystems":true,"showVisualEffectGraphs":true,"m_FxEnabled":true},"in2DMode":false,"pivot":{"x":-0.3862873613834381,"y":0.8501908779144287,"z":2.867591381072998},"rotation":{"x":0.17784824967384339,"y":0.018349915742874147,"z":-0.003204530104994774,"w":0.9839791059494019},"size":3.063507556915283,"orthographic":false}