{"cameraMode":{"drawMode":0,"name":"Shaded","section":"Shading Mode"},"sceneLighting":true,"audioPlay":false,"sceneViewState":{"m_AlwaysRefresh":false,"showFog":true,"showSkybox":true,"showFlares":true,"showImageEffects":true,"showParticleSystems":true,"showVisualEffectGraphs":true,"m_FxEnabled":true},"in2DMode":false,"pivot":{"x":-53.11058807373047,"y":1.5728802680969239,"z":79.59209442138672},"rotation":{"x":-0.034265998750925067,"y":0.6078037619590759,"z":0.026269877329468728,"w":0.7929320335388184},"size":2.59865403175354,"orthographic":false}