{"cameraMode":{"drawMode":0,"name":"Shaded","section":"Shading Mode"},"sceneLighting":false,"audioPlay":false,"sceneViewState":{"m_AlwaysRefresh":false,"showFog":true,"showSkybox":false,"showFlares":true,"showImageEffects":true,"showParticleSystems":true,"showVisualEffectGraphs":true,"m_FxEnabled":true},"in2DMode":false,"pivot":{"x":4.515870094299316,"y":0.4491797685623169,"z":15.063089370727539},"rotation":{"x":-0.03897951543331146,"y":0.7726842761039734,"z":-0.04792862758040428,"w":-0.6319340467453003},"size":0.9049965143203735,"orthographic":false}