{"cameraMode":{"drawMode":0,"name":"Shaded","section":"Shading Mode"},"sceneLighting":false,"audioPlay":false,"sceneViewState":{"m_AlwaysRefresh":false,"showFog":true,"showSkybox":false,"showFlares":true,"showImageEffects":true,"showParticleSystems":true,"showVisualEffectGraphs":true,"m_FxEnabled":true},"in2DMode":false,"pivot":{"x":8.679189682006836,"y":0.23689162731170655,"z":4.769366264343262},"rotation":{"x":-0.179523766040802,"y":-0.11715558916330338,"z":0.021537285298109056,"w":-0.9765197038650513},"size":1.6867685317993165,"orthographic":false}